county,state,city,zip
Brazoria,TX,Alvin,77511
Brazoria,TX,Angleton,77515
Brazoria,TX,Brazoria,77422
Brazoria,TX,Clute,77531
Brazoria,TX,Freeport,77541
Brazoria,TX,Lake Jackson,77566
Brazoria,TX,Pearland,77581
Brazoria,TX,Pearland,77584
Brazoria,TX,Rosharon,77583
Brazoria,TX,Sweeny,77480
Brazoria,TX,West Columbia,77486
Brazoria,TX,Manvel,77578
Brazoria,TX,Liverpool,77577
Brazoria,TX,Danbury,77534
Brazoria,TX,Iowa Colony,77583
Brazoria,TX,Richwood,77531
Brazoria,TX,Santa Fe,77510
Brazoria,TX,Friendswood,77546
Chambers,TX,Anahuac,77514
Chambers,TX,Baytown,77520
Chambers,TX,Baytown,77521
Chambers,TX,Beach City,77520
Chambers,TX,Cove,77523
Chambers,TX,Double Bayou,77514
Chambers,TX,Mont Belvieu,77580
Chambers,TX,Oak Island,77514
Chambers,TX,Stowell,77661
Chambers,TX,Wallisville,77597
Chambers,TX,Winnie,77665
Fort Bend,TX,Sugar Land,77478
Fort Bend,TX,Sugar Land,77479
Fort Bend,TX,Missouri City,77459
Fort Bend,TX,Missouri City,77489
Fort Bend,TX,Richmond,77406
Fort Bend,TX,Richmond,77407
Fort Bend,TX,Rosenberg,77471
Fort Bend,TX,Stafford,77477
Fort Bend,TX,Katy,77494
Fort Bend,TX,Fulshear,77441
Fort Bend,TX,Needville,77461
Fort Bend,TX,Orchard,77464
Fort Bend,TX,Pleak,77461
Fort Bend,TX,Simonton,77476
Fort Bend,TX,Beasley,77417
Fort Bend,TX,Fairchilds,77461
Fort Bend,TX,Arcola,77545
Fort Bend,TX,Meadows Place,77477
Fort Bend,TX,Thompsons,77481
Galveston,TX,Galveston,77550
Galveston,TX,Galveston,77551
Galveston,TX,Galveston,77554
Galveston,TX,Texas City,77590
Galveston,TX,Texas City,77591
Galveston,TX,League City,77573
Galveston,TX,Friendswood,77546
Galveston,TX,Dickinson,77539
Galveston,TX,La Marque,77568
Galveston,TX,Santa Fe,77510
Galveston,TX,Hitchcock,77563
Galveston,TX,Jamaica Beach,77554
Galveston,TX,Bacliff,77518
Galveston,TX,San Leon,77539
Galveston,TX,Crystal Beach,77650
Galveston,TX,Port Bolivar,77650
Galveston,TX,Kemah,77565
Galveston,TX,Clear Lake Shores,77565
Galveston,TX,Bayou Vista,77563
Harris,TX,Houston,77001
Harris,TX,Houston,77002
Harris,TX,Houston,77003
Harris,TX,Houston,77004
Harris,TX,Houston,77005
Harris,TX,Houston,77006
Harris,TX,Houston,77007
Harris,TX,Houston,77008
Harris,TX,Houston,77009
Harris,TX,Houston,77010
Harris,TX,Houston,77011
Harris,TX,Houston,77012
Harris,TX,Houston,77013
Harris,TX,Houston,77014
Harris,TX,Houston,77015
Harris,TX,Houston,77016
Harris,TX,Houston,77017
Harris,TX,Houston,77018
Harris,TX,Houston,77019
Harris,TX,Houston,77020
Harris,TX,Houston,77021
Harris,TX,Houston,77022
Harris,TX,Houston,77023
Harris,TX,Houston,77024
Harris,TX,Houston,77025
Harris,TX,Houston,77026
Harris,TX,Houston,77027
Harris,TX,Houston,77028
Harris,TX,Houston,77029
Harris,TX,Houston,77030
Harris,TX,Houston,77031
Harris,TX,Houston,77032
Harris,TX,Houston,77033
Harris,TX,Houston,77034
Harris,TX,Houston,77035
Harris,TX,Houston,77036
Harris,TX,Houston,77037
Harris,TX,Houston,77038
Harris,TX,Houston,77039
Harris,TX,Houston,77040
Harris,TX,Houston,77041
Harris,TX,Houston,77042
Harris,TX,Houston,77043
Harris,TX,Houston,77044
Harris,TX,Houston,77045
Harris,TX,Houston,77046
Harris,TX,Houston,77047
Harris,TX,Houston,77048
Harris,TX,Houston,77049
Harris,TX,Houston,77050
Harris,TX,Houston,77051
Harris,TX,Houston,77053
Harris,TX,Houston,77054
Harris,TX,Houston,77055
Harris,TX,Houston,77056
Harris,TX,Houston,77057
Harris,TX,Houston,77058
Harris,TX,Houston,77059
Harris,TX,Houston,77060
Harris,TX,Houston,77061
Harris,TX,Houston,77062
Harris,TX,Houston,77063
Harris,TX,Houston,77064
Harris,TX,Houston,77065
Harris,TX,Houston,77066
Harris,TX,Houston,77067
Harris,TX,Houston,77068
Harris,TX,Houston,77069
Harris,TX,Houston,77070
Harris,TX,Houston,77071
Harris,TX,Houston,77072
Harris,TX,Houston,77073
Harris,TX,Houston,77074
Harris,TX,Houston,77075
Harris,TX,Houston,77076
Harris,TX,Houston,77077
Harris,TX,Houston,77078
Harris,TX,Houston,77079
Harris,TX,Houston,77080
Harris,TX,Houston,77081
Harris,TX,Houston,77082
Harris,TX,Houston,77083
Harris,TX,Houston,77084
Harris,TX,Houston,77085
Harris,TX,Houston,77086
Harris,TX,Houston,77087
Harris,TX,Houston,77088
Harris,TX,Houston,77089
Harris,TX,Houston,77090
Harris,TX,Houston,77091
Harris,TX,Houston,77092
Harris,TX,Houston,77093
Harris,TX,Houston,77094
Harris,TX,Houston,77095
Harris,TX,Houston,77096
Harris,TX,Houston,77098
Harris,TX,Houston,77099
Harris,TX,Houston,77201
Harris,TX,Baytown,77520
Harris,TX,Baytown,77521
Harris,TX,Baytown,77523
Harris,TX,Bellaire,77401
Harris,TX,Cypress,77429
Harris,TX,Cypress,77433
Harris,TX,Humble,77338
Harris,TX,Humble,77346
Harris,TX,Humble,77396
Harris,TX,Katy,77449
Harris,TX,Katy,77450
Harris,TX,Katy,77493
Harris,TX,Kingwood,77339
Harris,TX,Kingwood,77345
Harris,TX,La Porte,77571
Harris,TX,Pasadena,77502
Harris,TX,Pasadena,77503
Harris,TX,Pasadena,77504
Harris,TX,Pasadena,77505
Harris,TX,Pasadena,77506
Harris,TX,Pasadena,77507
Harris,TX,Seabrook,77586
Harris,TX,Spring,77373
Harris,TX,Spring,77379
Harris,TX,Spring,77386
Harris,TX,Spring,77388
Harris,TX,Spring,77389
Harris,TX,Tomball,77375
Harris,TX,Tomball,77377
Harris,TX,Webster,77598
Harris,TX,Deer Park,77536
Harris,TX,Channelview,77530
Harris,TX,Crosby,77532
Harris,TX,Highlands,77562
Harris,TX,Huffman,77336
Harris,TX,Waller,77484
Jefferson,TX,Beaumont,77701
Jefferson,TX,Beaumont,77702
Jefferson,TX,Beaumont,77703
Jefferson,TX,Beaumont,77705
Jefferson,TX,Beaumont,77706
Jefferson,TX,Beaumont,77707
Jefferson,TX,Beaumont,77708
Jefferson,TX,Beaumont,77713
Jefferson,TX,Port Arthur,77640
Jefferson,TX,Port Arthur,77642
Jefferson,TX,Port Arthur,77655
Jefferson,TX,Groves,77619
Jefferson,TX,Nederland,77627
Jefferson,TX,Port Neches,77651
Jefferson,TX,Bridge City,77611
Jefferson,TX,Sour Lake,77659
Jefferson,TX,China,77613
Jefferson,TX,Fannett,77705
Jefferson,TX,Hamshire,77622
Jefferson,TX,Nome,77629
Jefferson,TX,Taylor Landing,77705
Jefferson,TX,Bevil Oaks,77713
Montgomery,TX,Conroe,77301
Montgomery,TX,Conroe,77302
Montgomery,TX,Conroe,77303
Montgomery,TX,Conroe,77304
Montgomery,TX,Conroe,77306
Montgomery,TX,Conroe,77384
Montgomery,TX,Conroe,77385
Montgomery,TX,The Woodlands,77380
Montgomery,TX,The Woodlands,77381
Montgomery,TX,The Woodlands,77382
Montgomery,TX,The Woodlands,77389
Montgomery,TX,Magnolia,77354
Montgomery,TX,Magnolia,77355
Montgomery,TX,Montgomery,77316
Montgomery,TX,Montgomery,77356
Montgomery,TX,Willis,77318
Montgomery,TX,Willis,77378
Montgomery,TX,Porter,77365
Montgomery,TX,New Caney,77357
Montgomery,TX,Splendora,77372
Montgomery,TX,Cleveland,77327
Montgomery,TX,Cleveland,77328
Montgomery,TX,Cut and Shoot,77306
Montgomery,TX,Dobbin,77333
Montgomery,TX,Pinehurst,77362
Montgomery,TX,Shenandoah,77385
Montgomery,TX,Oak Ridge North,77385
Montgomery,TX,Patton Village,77372
Montgomery,TX,Roman Forest,77357
Montgomery,TX,Woodbranch,77357
Montgomery,TX,Stagecoach,77355
Waller,TX,Hempstead,77445
Waller,TX,Prairie View,77446
Waller,TX,Waller,77484
Waller,TX,Brookshire,77423
Waller,TX,Pattison,77466
Waller,TX,Katy,77493
Waller,TX,Katy,77494
Waller,TX,Monaville,77445
Waller,TX,Sunny Side,77423
Walker,TX,Huntsville,77320
Walker,TX,Huntsville,77340
Walker,TX,Huntsville,77341
Walker,TX,Huntsville,77342
Walker,TX,Huntsville,77343
Walker,TX,Huntsville,77344
Walker,TX,Huntsville,77348
Walker,TX,Huntsville,77349
Walker,TX,New Waverly,77358
Walker,TX,Riverside,77367
Walker,TX,Dodge,77334
Walker,TX,Elkins Lake,77340
Walker,TX,Oakhurst,77359
Walker,TX,Phelps,77332
Walker,TX,Pine Prairie,77320
Walker,TX,San Jacinto,77320
Walker,TX,Waverly,77358
Wharton,TX,Wharton,77488
Wharton,TX,El Campo,77437
Wharton,TX,East Bernard,77435
Wharton,TX,Louise,77455
Wharton,TX,Pierce,77467
Wharton,TX,Glen Flora,77443
Wharton,TX,Lane City,77453
Wharton,TX,Lissie,77454
Wharton,TX,Egypt,77436
Wharton,TX,Newgulf,77420
Wharton,TX,Boling,77420
Wharton,TX,Iago,77420
Wharton,TX,Spanish Camp,77488
Wharton,TX,Nottawa,77488
Wharton,TX,Dinsmore,77435
