route,title,h1,canonical,robots,in_sitemap,main_words,attendant_link,eligibility_link
/locations/alief,"Home Care in Alief, TX | Primetime Home Health",Home Care and Personal Assistance in Alief,https://pthhs.net/locations/alief,no explicit directive,true,373,true,true
/locations/alvin,"Home Care in Alvin, TX | Primetime Home Health",Home Care and Personal Assistance Services in Alvin,https://pthhs.net/locations/alvin,no explicit directive,false,199,true,false
/locations/angleton,"Home Care in Angleton, TX | Primetime Home Health",Home Care and Personal Assistance Services in Angleton,https://pthhs.net/locations/angleton,no explicit directive,false,199,true,false
/locations/baytown,"Home Care in Baytown, TX | Primetime Home Health",Home Care and Personal Assistance Services in Baytown,https://pthhs.net/locations/baytown,no explicit directive,false,300,true,false
/locations/brazoria-county,"Home Care in Brazoria County, TX | Primetime Home Health",Brazoria County Medicaid Home Care & Personal Assistance Services,https://pthhs.net/locations/brazoria-county,no explicit directive,false,294,true,false
/locations/brookshire,"Home Care in Brookshire, TX | Primetime Home Health",Home Care and Personal Assistance Services in Brookshire,https://pthhs.net/locations/brookshire,no explicit directive,false,199,true,false
/locations/chambers-county,"Home Care in Chambers County, TX | Primetime Home Health",Chambers County Medicaid Home Care & Personal Assistance Services,https://pthhs.net/locations/chambers-county,no explicit directive,false,300,true,false
/locations/channelview,"Home Care in Channelview, TX | Primetime Home Health",Home Care and Personal Assistance Services in Channelview,https://pthhs.net/locations/channelview,no explicit directive,false,201,true,false
/locations/clear-lake,"Home Care in Clear Lake, TX | Primetime Home Health",Home Care and Personal Assistance Services in Clear Lake,https://pthhs.net/locations/clear-lake,no explicit directive,false,220,true,false
/locations/cleveland,"Home Care in Cleveland, TX | Primetime Home Health",Home Care and Personal Assistance Services in Cleveland,https://pthhs.net/locations/cleveland,no explicit directive,false,199,true,false
/locations/clute,"Home Care in Clute, TX | Primetime Home Health",Home Care and Personal Assistance Services in Clute,https://pthhs.net/locations/clute,no explicit directive,false,199,true,false
/locations/conroe,"Home Care in Conroe, TX | Primetime Home Health",Home Care and Personal Assistance Services in Conroe,https://pthhs.net/locations/conroe,no explicit directive,false,296,true,false
/locations/cypress,"Home Care in Cypress, TX | Primetime Home Health",Home Care and Personal Assistance Services in Cypress,https://pthhs.net/locations/cypress,no explicit directive,false,295,true,false
/locations/dayton,"Home Care in Dayton, TX | Primetime Home Health",Home Care and Personal Assistance Services in Dayton,https://pthhs.net/locations/dayton,no explicit directive,false,199,true,false
/locations/deer-park,"Home Care in Deer Park, TX | Primetime Home Health",Home Care and Personal Assistance Services in Deer Park,https://pthhs.net/locations/deer-park,no explicit directive,false,214,true,false
/locations/dickinson,"Home Care in Dickinson, TX | Primetime Home Health",Home Care and Personal Assistance Services in Dickinson,https://pthhs.net/locations/dickinson,no explicit directive,false,199,true,false
/locations/fort-bend-county,"Home Care in Fort Bend County, TX | Primetime Home Health",Fort Bend County Medicaid Home Care & Personal Assistance Services,https://pthhs.net/locations/fort-bend-county,no explicit directive,false,314,true,false
/locations/freeport,"Home Care in Freeport, TX | Primetime Home Health",Home Care and Personal Assistance Services in Freeport,https://pthhs.net/locations/freeport,no explicit directive,false,199,true,false
/locations/fresno,"Home Care in Fresno, TX | Primetime Home Health",Home Care and Personal Assistance Services in Fresno,https://pthhs.net/locations/fresno,no explicit directive,false,202,true,false
/locations/fulshear,"Home Care in Fulshear, TX | Primetime Home Health",Home Care and Personal Assistance Services in Fulshear,https://pthhs.net/locations/fulshear,no explicit directive,false,202,true,false
/locations/galveston-county,"Home Care in Galveston County, TX | Primetime Home Health",Galveston County Medicaid Home Care & Personal Assistance Services,https://pthhs.net/locations/galveston-county,no explicit directive,false,313,true,false
/locations/galveston,"Home Care in Galveston, TX | Primetime Home Health",Home Care and Personal Assistance Services in Galveston,https://pthhs.net/locations/galveston,no explicit directive,false,202,true,false
/locations/gulfton,"Home Care in Gulfton, TX | Primetime Home Health",Home Care and Personal Assistance in Gulfton,https://pthhs.net/locations/gulfton,no explicit directive,true,310,true,true
/locations/harris-county,"Home Care in Harris County, TX | Primetime Home Health",Harris County Medicaid Home Care & Personal Assistance Services,https://pthhs.net/locations/harris-county,no explicit directive,false,304,true,false
/locations/hempstead,"Home Care in Hempstead, TX | Primetime Home Health",Home Care and Personal Assistance Services in Hempstead,https://pthhs.net/locations/hempstead,no explicit directive,false,199,true,false
/locations/hitchcock,"Home Care in Hitchcock, TX | Primetime Home Health",Home Care and Personal Assistance Services in Hitchcock,https://pthhs.net/locations/hitchcock,no explicit directive,false,199,true,false
/locations/houston,"Home Care in Houston, TX | Primetime Home Health",Home Care and Personal Assistance Services in Houston,https://pthhs.net/locations/houston,no explicit directive,true,364,true,true
/locations/humble,"Home Care in Humble, TX | Primetime Home Health",Home Care and Personal Assistance Services in Humble,https://pthhs.net/locations/humble,no explicit directive,false,295,true,false
/locations/jefferson-county,"Home Care in Jefferson County, TX | Primetime Home Health",Jefferson County Medicaid Home Care & Personal Assistance Services,https://pthhs.net/locations/jefferson-county,no explicit directive,false,307,true,false
/locations/katy,"Home Care in Katy, TX | Primetime Home Health",Home Care and Personal Assistance Services in Katy,https://pthhs.net/locations/katy,no explicit directive,true,319,true,true
/locations/la-marque,"Home Care in La Marque, TX | Primetime Home Health",Home Care and Personal Assistance Services in La Marque,https://pthhs.net/locations/la-marque,no explicit directive,false,212,true,false
/locations/la-porte,"Home Care in La Porte, TX | Primetime Home Health",Home Care and Personal Assistance Services in La Porte,https://pthhs.net/locations/la-porte,no explicit directive,false,214,true,false
/locations/lake-jackson,"Home Care in Lake Jackson, TX | Primetime Home Health",Home Care and Personal Assistance Services in Lake Jackson,https://pthhs.net/locations/lake-jackson,no explicit directive,false,212,true,false
/locations/league-city,"Home Care in League City, TX | Primetime Home Health",Home Care and Personal Assistance Services in League City,https://pthhs.net/locations/league-city,no explicit directive,false,212,true,false
/locations/liberty,"Home Care in Liberty, TX | Primetime Home Health",Home Care and Personal Assistance Services in Liberty,https://pthhs.net/locations/liberty,no explicit directive,false,199,true,false
/locations/magnolia,"Home Care in Magnolia, TX | Primetime Home Health",Home Care and Personal Assistance Services in Magnolia,https://pthhs.net/locations/magnolia,no explicit directive,false,199,true,false
/locations/manvel,"Home Care in Manvel, TX | Primetime Home Health",Home Care and Personal Assistance Services in Manvel,https://pthhs.net/locations/manvel,no explicit directive,false,199,true,false
/locations/missouri-city,"Home Care in Missouri City, TX | Primetime Home Health",Home Care and Personal Assistance Services in Missouri City,https://pthhs.net/locations/missouri-city,no explicit directive,false,313,true,false
/locations/montgomery-county,"Home Care in Montgomery County, TX | Primetime Home Health",Montgomery County Medicaid Home Care & Personal Assistance Services,https://pthhs.net/locations/montgomery-county,no explicit directive,false,295,true,false
/locations/montgomery,"Home Care in Montgomery, TX | Primetime Home Health",Home Care and Personal Assistance Services in Montgomery,https://pthhs.net/locations/montgomery,no explicit directive,false,199,true,false
/locations/needville,"Home Care in Needville, TX | Primetime Home Health",Home Care and Personal Assistance Services in Needville,https://pthhs.net/locations/needville,no explicit directive,false,202,true,false
/locations/new-caney,"Home Care in New Caney, TX | Primetime Home Health",Home Care and Personal Assistance Services in New Caney,https://pthhs.net/locations/new-caney,no explicit directive,false,212,true,false
/locations/pasadena,"Home Care in Pasadena, TX | Primetime Home Health",Home Care and Personal Assistance Services in Pasadena,https://pthhs.net/locations/pasadena,no explicit directive,false,303,true,false
/locations/pearland,"Home Care in Pearland, TX | Primetime Home Health",Home Care and Personal Assistance Services in Pearland,https://pthhs.net/locations/pearland,no explicit directive,false,302,true,false
/locations/porter,"Home Care in Porter, TX | Primetime Home Health",Home Care and Personal Assistance Services in Porter,https://pthhs.net/locations/porter,no explicit directive,false,199,true,false
/locations/prairie-view,"Home Care in Prairie View, TX | Primetime Home Health",Home Care and Personal Assistance Services in Prairie View,https://pthhs.net/locations/prairie-view,no explicit directive,false,212,true,false
/locations/richmond,"Home Care in Richmond, TX | Primetime Home Health",Home Care and Personal Assistance Services in Richmond,https://pthhs.net/locations/richmond,no explicit directive,false,294,true,false
/locations/rosenberg,"Home Care in Rosenberg, TX | Primetime Home Health",Home Care and Personal Assistance Services in Rosenberg,https://pthhs.net/locations/rosenberg,no explicit directive,false,294,true,false
/locations/santa-fe,"Home Care in Santa Fe, TX | Primetime Home Health",Home Care and Personal Assistance Services in Santa Fe,https://pthhs.net/locations/santa-fe,no explicit directive,false,212,true,false
/locations/sharpstown,"Home Care in Sharpstown, TX | Primetime Home Health",Home Care and Personal Assistance in Sharpstown,https://pthhs.net/locations/sharpstown,no explicit directive,true,310,true,true
/locations/shenandoah,"Home Care in Shenandoah, TX | Primetime Home Health",Home Care and Personal Assistance Services in Shenandoah,https://pthhs.net/locations/shenandoah,no explicit directive,false,199,true,false
/locations/southwest-houston,"Home Care in Southwest Houston, TX | Primetime Home Health",Home Care and Personal Assistance in Southwest Houston,https://pthhs.net/locations/southwest-houston,no explicit directive,true,298,true,true
/locations/spring,"Home Care in Spring, TX | Primetime Home Health",Home Care and Personal Assistance Services in Spring,https://pthhs.net/locations/spring,no explicit directive,false,299,true,false
/locations/stafford,"Home Care in Stafford, TX | Primetime Home Health",Home Care and Personal Assistance Services in Stafford,https://pthhs.net/locations/stafford,no explicit directive,false,202,true,false
/locations/sugar-land,"Home Care in Sugar Land, TX | Primetime Home Health",Home Care and Personal Assistance Services in Sugar Land,https://pthhs.net/locations/sugar-land,no explicit directive,true,335,true,true
/locations/sunnyside,"Home Care in Sunnyside, TX | Primetime Home Health",Home Care and Personal Assistance in Sunnyside,https://pthhs.net/locations/sunnyside,no explicit directive,true,294,true,true
/locations/texas-city,"Home Care in Texas City, TX | Primetime Home Health",Home Care and Personal Assistance Services in Texas City,https://pthhs.net/locations/texas-city,no explicit directive,false,212,true,false
/locations/the-woodlands,"Home Care in The Woodlands, TX | Primetime Home Health",Home Care and Personal Assistance Services in The Woodlands,https://pthhs.net/locations/the-woodlands,no explicit directive,false,212,true,false
/locations/tomball,"Home Care in Tomball, TX | Primetime Home Health",Home Care and Personal Assistance Services in Tomball,https://pthhs.net/locations/tomball,no explicit directive,false,201,true,false
/locations/walker-county,"Home Care in Walker County, TX | Primetime Home Health",Walker County Medicaid Home Care & Personal Assistance Services,https://pthhs.net/locations/walker-county,no explicit directive,false,300,true,false
/locations/waller-county,"Home Care in Waller County, TX | Primetime Home Health",Waller County Medicaid Home Care & Personal Assistance Services,https://pthhs.net/locations/waller-county,no explicit directive,false,300,true,false
/locations/webster,"Home Care in Webster, TX | Primetime Home Health",Home Care and Personal Assistance Services in Webster,https://pthhs.net/locations/webster,no explicit directive,false,207,true,false
/locations/west-columbia,"Home Care in West Columbia, TX | Primetime Home Health",Home Care and Personal Assistance Services in West Columbia,https://pthhs.net/locations/west-columbia,no explicit directive,false,212,true,false
/locations/wharton-county,"Home Care in Wharton County, TX | Primetime Home Health",Wharton County Medicaid Home Care & Personal Assistance Services,https://pthhs.net/locations/wharton-county,no explicit directive,false,309,true,false
/locations/willis,"Home Care in Willis, TX | Primetime Home Health",Home Care and Personal Assistance Services in Willis,https://pthhs.net/locations/willis,no explicit directive,false,199,true,false
